pH,Hardness,Solids,Chloramines,Sulfate,Conductivity,Organic_carbon,Trihalomethanes,Turbidity,Potability
4.295,93.444,340.331,5.399,114.846,946.412,14.236,100.581,5.122,0
5.776,19.462,463.345,6.781,69.418,759.661,10.077,70.865,3.4,0
4.573,82.754,409.704,7.531,143.025,1134.584,13.422,110.376,5.997,0
4.211,60.059,441.685,5.598,101.712,710.461,21.446,53.836,5.169,0
8.4,111.192,128.111,1.26,200.837,382.042,4.818,22.334,2.961,1
6.296,17.352,333.454,7.027,135.153,1027.332,21.106,57.356,5.669,0
4.573,20.093,326.787,3.103,65.992,862.826,26.157,138.969,4.385,0
5.945,1.823,453.13,7.103,124.511,1024.572,25.982,61.286,6.44,0
3.223,72.849,352.567,7.185,176.606,951.961,22.678,69.669,6.11,0
7.538,185.121,115.881,2.486,345.756,480.964,5.284,43.343,1.792,1
5.852,76.437,492.185,5.344,169.935,1191.706,11.041,55.652,5.01,0
8.043,138.433,147.759,2.893,285.812,484.256,4.585,28.699,2.219,1
4.811,39.932,589.814,7.612,65.436,952.679,28.137,82.662,7.002,0
3.731,51.808,520.333,6.576,140.749,1110.08,18.267,140.585,3.398,0
3.4,49.826,585.667,3.938,151.673,743.399,19.959,85.934,4.946,0
3.291,78.379,311.271,7.239,181.254,919.833,18.435,138.493,7.717,0
8.28,161.816,150.878,1.903,232.532,596.437,8.615,28.516,1.671,1
3.354,76.112,321.347,4.18,35.852,1197.387,19.31,138.782,4.598,0
4.06,84.436,302.352,6.701,196.392,1161.706,13.195,58.772,6.357,0
7.0,106.035,182.204,2.546,303.257,473.949,2.234,47.446,1.99,1
5.626,63.315,319.803,5.861,158.933,681.397,18.841,120.394,3.478,0
7.79,163.401,145.436,1.141,374.724,433.748,6.096,4.841,2.276,1
6.536,118.098,269.121,2.191,277.341,404.088,4.707,31.663,1.874,1
3.93,30.729,587.234,6.821,181.695,648.868,26.705,104.762,6.907,0
7.597,142.618,250.792,1.321,221.097,584.306,5.972,22.816,1.348,1
7.945,136.853,218.644,1.468,263.155,302.206,8.745,23.672,2.096,1
7.773,196.91,206.606,2.497,285.28,473.284,7.781,10.07,2.977,1
5.341,72.794,315.501,3.567,144.895,940.115,18.589,128.395,4.88,0
3.617,76.099,300.003,7.584,24.526,677.628,10.756,76.912,6.903,0
6.06,14.745,452.667,6.052,147.584,604.255,14.573,122.887,7.654,0
7.77,134.593,235.734,1.542,359.957,304.259,4.189,22.748,2.622,1
8.444,159.241,271.635,1.137,311.316,579.77,8.415,6.314,1.576,1
3.712,6.014,567.562,4.18,152.166,1146.672,18.127,106.586,3.9,0
8.472,186.333,181.517,2.475,283.82,489.517,8.244,33.438,1.632,1
6.702,197.14,230.458,1.437,240.459,415.355,7.312,33.709,1.313,1
8.274,174.965,209.33,1.205,288.607,416.167,3.674,46.622,2.154,1
3.952,48.706,424.093,4.998,2.132,1147.071,17.034,81.17,3.435,0
5.154,98.779,475.759,5.093,137.639,875.606,23.383,103.455,5.318,0
3.09,0.523,529.664,4.957,96.288,925.764,13.991,72.115,7.563,0
7.151,162.751,209.086,2.903,398.393,404.101,8.656,45.541,2.104,1
7.339,165.871,227.28,1.281,217.226,431.869,5.733,9.457,2.728,1
7.545,122.049,215.519,2.954,202.736,553.198,2.418,41.779,1.166,1
6.551,154.759,198.709,2.418,224.869,578.072,7.366,15.164,1.058,1
3.106,29.873,415.307,4.43,50.182,773.49,20.932,101.625,5.148,0
6.671,170.648,167.772,2.608,319.136,308.132,4.492,31.969,2.657,1
7.8,198.666,201.253,1.97,267.617,399.819,4.917,4.728,1.845,1
4.446,79.42,411.282,7.953,9.872,747.273,22.311,144.04,3.788,0
3.947,32.337,316.3,5.897,155.894,789.401,21.928,67.668,6.571,0
6.663,167.343,130.829,2.858,248.134,553.144,6.236,6.37,1.828,1
4.232,33.827,313.473,3.681,82.29,846.566,22.382,119.186,5.921,0
4.748,58.661,421.531,4.638,99.512,1185.361,21.242,86.717,4.966,0
3.755,56.502,355.841,4.234,163.976,892.74,15.312,54.477,4.072,0
8.48,179.756,220.385,2.016,376.655,547.939,8.812,9.521,1.367,1
4.673,60.709,407.344,6.734,194.336,1147.091,17.41,141.664,4.723,0
7.233,197.106,110.452,1.665,365.213,515.774,2.794,39.633,1.821,1
7.715,103.701,139.62,1.398,334.254,390.833,6.985,33.335,1.707,1
3.941,66.184,381.118,7.241,174.222,745.908,17.425,124.442,3.489,0
6.541,122.121,106.723,2.098,206.935,349.65,8.43,12.524,2.679,1
7.637,115.106,208.14,1.323,322.728,442.293,7.658,12.236,1.385,1
5.73,20.569,577.858,4.819,56.553,1105.767,19.645,85.442,3.419,0
8.04,116.748,143.814,2.297,228.694,440.316,4.801,7.926,2.235,1
7.696,199.793,269.995,2.314,355.903,430.874,8.786,24.522,2.603,1
3.777,56.731,553.776,3.82,42.585,1120.8,29.347,109.092,7.021,0
6.822,199.712,282.154,2.221,211.405,354.197,2.41,39.733,1.315,1
3.41,6.942,300.04,4.172,149.505,623.878,20.466,82.018,5.258,0
4.726,39.866,302.977,6.899,68.474,1010.058,23.541,75.666,4.319,0
5.06,91.939,364.722,3.346,91.719,1087.711,16.934,127.788,3.178,0
3.528,4.317,455.01,5.125,70.836,1039.332,17.857,69.372,5.09,0
8.044,129.631,251.35,2.413,264.866,465.844,9.594,18.252,1.871,1
5.284,25.656,484.081,4.779,56.374,1096.912,15.372,148.922,6.296,0
8.011,175.824,281.229,1.018,210.083,329.848,2.656,12.237,1.99,1
6.876,107.32,177.308,2.766,359.249,382.4,3.742,28.474,2.877,1
3.472,69.244,546.76,7.762,114.437,786.992,19.079,69.202,7.237,0
4.025,73.361,367.614,7.105,22.01,941.698,12.265,66.393,5.094,0
8.145,156.754,141.399,1.779,313.17,311.809,9.614,5.307,1.142,1
7.682,107.858,139.22,1.407,360.602,516.137,5.618,42.123,2.021,1
4.995,26.311,410.944,7.155,94.62,723.529,16.412,57.325,4.139,0
7.38,131.529,150.193,2.037,315.561,576.781,8.933,33.181,2.946,1
3.516,71.76,514.186,4.062,145.133,984.652,25.81,57.418,6.354,0
7.146,180.173,223.413,1.137,326.019,416.763,4.939,14.879,1.675,1
5.943,69.495,454.759,5.021,125.644,705.534,20.552,55.343,3.719,0
6.782,123.878,140.273,1.03,225.191,442.431,5.892,1.715,1.962,1
7.503,110.493,220.13,2.643,316.347,368.244,7.222,43.75,2.484,1
8.104,111.047,151.724,2.93,395.83,400.897,4.672,24.878,1.667,1
6.813,108.163,184.366,2.609,281.085,342.844,7.182,22.137,2.716,1
4.769,4.341,422.132,4.582,133.106,754.488,12.889,132.964,4.941,0
6.231,5.705,387.014,5.697,162.333,891.174,16.912,140.844,3.54,0
4.186,5.816,300.406,7.952,102.062,1006.092,27.141,57.238,7.446,0
4.139,24.12,403.558,6.486,101.27,1068.42,11.729,92.536,3.868,0
7.723,178.97,100.313,2.036,396.504,346.356,5.27,36.908,2.806,1
7.758,196.941,283.327,1.062,314.773,378.255,2.223,49.355,2.326,1
7.617,161.785,293.283,2.35,315.672,371.626,9.975,21.857,1.23,1
6.298,35.162,389.819,4.416,177.241,987.844,25.851,106.035,3.784,0
7.799,165.451,274.551,2.437,337.862,368.499,4.987,46.885,1.59,1
4.363,61.393,359.078,5.374,180.155,1091.806,26.102,142.422,6.661,0
6.646,130.793,177.102,1.458,269.988,363.291,6.422,10.535,1.9,1
3.114,15.005,340.282,5.515,107.141,1124.846,25.857,115.942,3.822,0
8.274,199.117,264.421,2.166,369.889,473.042,7.674,15.492,1.104,1
7.214,141.777,191.848,2.247,250.605,398.365,6.582,38.926,1.34,1
4.178,4.195,518.658,5.387,137.558,982.381,13.945,144.409,6.251,0
5.824,5.778,493.938,4.766,118.614,712.982,11.787,72.326,5.627,0
8.213,157.868,282.657,1.85,319.713,598.626,6.146,2.11,1.099,1
3.063,26.982,534.19,5.144,181.0,1010.835,16.345,100.976,3.44,0
8.372,120.052,203.489,2.384,399.55,320.626,6.957,2.525,1.504,1
4.521,23.464,499.916,5.482,189.525,634.201,16.76,54.385,7.045,0
3.407,8.912,314.456,6.827,140.303,957.808,15.353,66.472,5.681,0
5.981,22.808,321.695,3.806,91.245,1100.984,25.22,113.059,5.028,0
5.509,78.565,542.121,3.293,149.125,1086.561,29.12,53.859,7.266,0
6.582,100.639,235.236,2.529,262.984,361.06,2.447,13.121,1.872,1
6.225,59.304,554.528,4.794,74.044,999.844,28.217,62.126,7.146,0
3.192,80.303,302.659,7.842,113.852,861.009,17.307,114.048,6.4,0
4.354,77.463,366.623,4.708,78.271,1039.124,29.315,122.758,3.362,0
4.685,8.06,590.111,7.659,30.476,608.409,16.064,128.2,6.483,0
5.01,29.544,449.669,4.86,180.931,672.227,14.711,75.349,5.931,0
7.959,161.341,121.095,1.816,226.195,530.624,8.076,32.7,2.901,1
7.736,148.885,296.803,2.513,295.018,503.062,9.053,9.672,1.128,1
7.016,110.251,230.633,2.03,226.642,525.427,2.176,11.405,1.578,1
4.688,87.273,511.11,3.348,0.188,922.549,25.425,123.171,6.219,0
5.615,41.355,521.361,4.239,110.472,698.013,11.508,134.044,5.707,0
6.754,180.059,101.101,2.936,279.263,532.346,8.945,8.036,2.543,1
5.823,80.007,531.337,6.419,121.353,895.42,28.6,130.164,7.902,0
7.599,196.512,280.017,2.239,278.629,472.963,3.255,18.385,1.619,1
4.4,45.98,411.522,6.151,149.671,1167.429,26.475,94.727,5.133,0
7.73,126.899,254.776,1.409,223.029,361.198,2.964,12.815,1.171,1
6.549,147.321,137.066,2.92,353.305,498.403,7.206,43.44,2.585,1
5.109,90.002,450.187,5.352,198.393,983.465,29.104,131.06,7.141,0
4.118,49.677,434.805,7.313,152.406,1020.899,11.732,62.016,4.108,0
8.394,117.715,160.467,2.299,395.644,359.728,6.314,35.397,2.378,1
3.619,16.481,527.633,6.412,29.553,739.811,13.593,84.583,5.828,0
5.405,95.65,537.779,4.552,24.645,779.654,11.142,53.782,6.818,0
3.139,89.419,340.149,6.342,53.563,1029.193,21.632,78.107,6.277,0
5.024,64.581,407.574,3.435,21.628,903.627,11.435,51.364,3.224,0
7.982,107.245,226.262,1.138,288.407,453.785,6.007,3.962,1.028,1
3.311,65.696,559.589,5.266,178.582,1010.661,21.595,77.316,5.575,0
5.94,53.916,599.346,5.255,35.976,775.593,26.832,75.945,6.176,0
8.344,135.071,233.804,2.937,203.24,497.492,5.944,5.987,1.795,1
8.115,188.875,260.721,1.542,258.671,395.412,2.416,45.373,1.58,1
6.974,122.077,160.95,1.235,364.014,482.463,8.425,30.583,2.013,1
8.07,147.421,152.032,1.748,364.87,458.276,4.102,24.667,1.812,1
6.511,104.209,140.976,1.626,318.848,445.505,3.351,31.159,2.465,1
7.018,188.598,272.028,2.476,282.238,487.014,7.603,46.632,1.902,1
8.433,103.253,266.275,1.824,224.089,559.31,8.379,43.139,2.182,1
3.616,12.138,534.96,7.189,10.892,853.766,11.511,143.083,6.768,0
7.176,170.246,172.371,1.367,346.873,445.569,6.501,2.679,2.952,1
4.35,20.404,496.395,5.199,47.92,715.389,17.671,94.153,5.469,0
4.877,44.861,367.288,7.832,33.08,910.363,15.837,50.235,3.419,0
6.348,66.03,374.202,6.491,33.593,699.923,25.48,72.309,4.015,0
6.531,176.102,271.139,2.404,282.456,515.179,8.055,14.226,1.666,1
4.134,61.501,490.309,7.048,75.034,1025.15,29.505,91.185,3.636,0
7.929,115.954,242.807,1.133,387.187,383.702,6.076,26.604,2.392,1
4.113,62.359,493.245,5.385,26.206,809.769,27.895,76.269,4.325,0
6.975,187.184,190.07,2.649,391.526,442.247,3.088,15.722,1.805,1
3.175,42.966,303.425,5.794,40.99,689.946,26.558,125.747,6.602,0
6.734,186.792,277.681,2.174,359.503,514.795,6.726,33.289,1.261,1
4.884,33.424,480.466,7.5,86.305,740.595,27.343,114.101,4.95,0
7.992,110.659,224.681,2.272,399.305,320.411,9.59,45.691,1.541,1
7.042,181.483,169.045,1.928,356.694,568.18,8.47,1.561,2.017,1
4.976,13.517,393.559,6.373,101.044,843.283,17.111,118.953,5.947,0
7.277,187.368,112.455,1.595,258.813,579.86,5.228,47.166,2.264,1
5.72,16.007,320.702,7.442,21.863,888.11,28.864,60.466,7.052,0
4.611,57.839,532.604,6.259,128.398,886.72,15.446,149.022,5.714,0
5.981,47.602,372.568,5.226,19.376,640.371,14.646,87.802,3.636,0
4.695,70.874,437.31,7.998,33.603,948.454,27.18,109.181,4.069,0
3.296,3.616,362.665,6.87,10.673,1045.01,11.775,57.223,3.985,0
4.903,93.739,474.027,4.839,126.493,865.616,16.067,147.314,6.476,0
3.634,11.637,521.579,3.222,133.532,633.728,13.04,137.097,4.261,0
7.746,163.643,121.605,1.751,286.554,428.506,7.796,18.206,1.057,1
3.636,76.481,421.287,3.194,194.18,987.557,11.455,133.784,3.94,0
8.172,145.232,298.563,1.435,394.188,452.688,4.22,3.32,1.791,1
7.378,108.011,201.482,2.445,255.414,400.745,4.894,48.343,1.954,1
7.787,121.066,184.407,1.544,320.872,368.178,5.726,22.692,1.265,1
7.546,143.558,258.842,1.804,315.119,391.228,3.015,22.337,2.912,1
7.08,181.583,128.142,2.275,312.784,591.022,9.812,36.017,1.999,1
5.785,72.951,558.792,7.366,153.18,1093.594,10.621,133.862,5.938,0
6.591,139.617,196.681,1.71,205.04,367.548,9.604,21.045,1.183,1
7.591,163.156,197.2,1.528,304.68,508.491,5.758,42.48,1.907,1
6.839,168.557,275.796,1.674,232.385,558.888,5.203,16.033,1.826,1
6.694,158.197,186.919,2.791,280.141,563.325,3.724,22.224,2.587,1
4.959,35.325,583.11,7.112,180.976,763.031,14.388,148.635,5.404,0
4.353,40.298,317.428,4.961,191.322,699.902,15.064,146.469,6.55,0
7.427,160.345,202.255,2.318,347.005,442.33,9.728,43.056,1.372,1
3.589,38.062,493.45,4.264,72.234,1110.512,16.913,126.977,7.736,0
6.547,151.482,257.797,1.375,367.829,402.621,8.621,20.139,1.454,1
4.41,28.487,363.211,7.868,149.222,983.378,10.496,108.538,5.221,0
4.41,24.069,407.136,6.316,78.051,741.885,13.872,111.454,6.662,0
7.906,149.515,246.299,2.476,264.706,323.915,9.466,31.313,2.928,1
7.785,187.342,124.112,1.154,321.018,421.694,9.747,38.023,1.635,1
7.272,113.157,108.748,2.273,333.304,597.086,6.657,18.66,2.527,1
5.215,78.49,388.968,3.512,168.846,611.791,23.46,140.126,7.318,0
5.122,13.711,490.786,7.434,159.678,1012.007,18.158,116.237,3.505,0
5.971,32.819,410.784,3.899,160.214,1008.15,27.65,143.191,4.229,0
4.538,29.282,308.751,4.184,100.166,920.88,18.1,59.506,4.311,0
3.965,55.38,546.654,4.768,166.452,1005.717,15.024,121.633,5.686,0
8.06,113.009,176.08,1.785,323.421,384.83,2.58,47.365,1.132,1
6.949,179.481,292.562,2.388,246.748,526.858,4.806,25.456,2.116,1
8.311,158.535,297.607,1.483,276.428,396.299,6.097,8.786,2.019,1
6.529,122.845,220.759,1.34,287.971,326.09,6.305,47.109,2.606,1
6.51,127.363,158.444,1.878,217.206,560.86,5.218,19.158,1.611,1
3.278,32.433,522.271,7.009,21.694,746.793,10.727,89.719,3.53,0
7.217,121.825,296.998,1.31,353.716,445.049,6.414,27.835,1.739,1
6.593,182.892,230.835,2.265,272.095,336.391,2.809,7.611,2.612,1
6.212,12.189,550.243,3.735,117.01,662.588,15.007,120.129,4.619,0
5.076,6.817,455.71,3.248,175.103,785.678,24.818,117.812,6.029,0
3.098,41.103,389.87,5.49,135.134,1041.552,11.059,100.79,5.969,0
6.11,12.81,597.977,7.67,75.095,1131.957,17.333,110.57,5.515,0
5.27,27.416,381.423,4.226,148.298,813.17,12.35,70.941,5.648,0
8.171,181.797,295.821,1.982,277.745,595.396,5.912,2.598,1.726,1
5.596,39.153,426.789,6.388,151.205,771.242,22.307,61.376,5.219,0
7.207,166.821,198.465,1.422,322.022,400.133,3.045,3.917,2.956,1
4.827,64.39,396.501,4.124,108.367,704.378,14.305,95.164,7.393,0
7.585,173.758,257.256,1.535,220.569,311.014,8.352,30.048,1.03,1
7.004,134.781,208.159,2.842,226.915,337.835,4.893,6.629,2.407,1
3.076,9.299,570.582,3.226,51.155,1030.537,10.791,76.067,5.972,0
4.18,96.849,328.62,5.462,33.346,642.418,14.271,83.595,4.645,0
3.434,93.696,424.951,4.102,33.487,677.914,18.359,125.331,5.245,0
8.016,171.92,111.905,2.485,226.436,394.937,7.737,43.081,2.239,1
3.346,99.216,482.326,5.801,165.083,970.971,27.87,85.751,5.771,0
8.206,161.665,122.987,2.263,393.864,442.533,2.689,40.621,2.596,1
4.162,36.794,367.838,4.611,40.953,1066.791,26.038,129.607,6.144,0
3.866,61.959,305.266,4.48,163.23,993.938,23.229,103.738,3.339,0
8.452,187.097,179.403,1.701,216.037,460.663,5.545,45.686,1.402,1
4.22,13.071,582.817,4.309,85.677,1006.275,13.22,58.757,4.929,0
3.892,94.068,307.558,7.531,88.899,1171.356,18.721,65.375,5.772,0
6.87,102.127,116.345,1.529,240.306,455.794,9.489,24.354,1.277,1
3.997,61.599,461.728,3.818,29.285,1148.905,26.134,120.606,4.61,0
7.964,187.295,281.251,1.501,352.032,556.364,8.979,41.562,1.192,1
5.102,96.293,326.581,7.337,79.662,975.633,19.897,66.683,4.99,0
7.506,186.703,227.219,1.43,356.881,519.948,2.059,16.466,2.66,1
4.433,74.573,456.753,7.237,184.286,659.488,15.25,54.415,6.034,0
5.889,18.115,522.143,4.357,84.873,687.309,23.386,128.904,3.681,0
7.297,174.271,288.345,1.948,317.6,588.224,5.342,25.629,2.936,1
4.227,75.138,339.515,5.513,13.62,643.328,28.57,61.68,4.48,0
7.891,112.021,275.418,2.145,294.348,388.175,5.86,6.912,1.496,1
6.228,9.571,492.143,4.92,62.207,677.01,24.136,66.86,3.349,0
8.398,112.057,294.401,1.203,398.516,480.175,3.87,29.338,1.219,1
6.841,159.627,213.066,1.837,254.129,459.741,4.849,14.214,2.284,1
7.505,122.995,109.629,2.216,311.293,425.8,9.291,22.12,1.904,1
4.324,38.383,593.558,5.958,148.973,1063.102,22.842,96.846,3.058,0
8.301,134.588,234.146,2.906,299.992,529.595,8.262,25.247,1.67,1
6.732,199.633,237.318,1.39,328.791,390.966,6.07,25.925,1.864,1
7.697,173.222,149.909,2.25,230.78,402.001,6.905,38.338,2.845,1
7.713,148.864,247.981,2.354,221.609,592.985,2.723,46.699,2.328,1
3.154,19.578,487.978,7.277,109.556,663.728,20.17,110.947,4.597,0
6.136,1.211,357.032,5.883,126.346,698.237,20.536,76.347,5.383,0
7.533,171.409,117.419,1.745,295.368,443.095,5.01,41.65,1.357,1
6.654,115.39,296.704,2.227,315.376,589.882,9.55,20.796,2.541,1
6.786,145.474,220.589,2.162,335.509,482.197,7.772,14.311,1.398,1
6.648,167.965,190.248,1.212,255.185,370.983,6.353,31.87,2.17,1
7.122,194.473,207.74,2.402,243.743,358.487,3.948,32.405,2.366,1
7.431,108.787,294.307,1.776,374.383,595.113,8.942,27.244,1.883,1
7.162,141.758,192.786,1.405,325.066,551.242,5.019,21.638,1.428,1
5.362,15.891,540.001,4.135,114.139,925.209,14.814,72.843,4.019,0
6.221,51.841,598.446,7.905,65.701,726.859,21.011,108.142,6.341,0
5.271,55.508,345.479,6.684,76.975,878.362,19.835,99.061,3.049,0
8.002,161.714,229.164,1.498,233.977,418.344,5.525,34.301,2.717,1
7.06,121.921,161.875,2.167,296.256,599.638,4.875,35.143,1.882,1
3.511,92.703,516.812,4.133,4.49,986.345,13.114,55.638,7.231,0
4.001,88.62,522.569,6.669,65.24,1190.746,17.587,118.058,5.57,0
6.041,61.959,545.034,6.938,118.888,704.871,14.206,67.845,6.076,0
6.812,165.878,251.88,2.666,253.635,326.44,9.699,18.841,1.727,1
5.77,62.39,442.143,7.844,13.453,812.439,14.472,64.113,6.717,0
7.25,104.821,140.262,2.41,279.2,451.778,2.443,19.177,1.505,1
7.355,118.644,226.916,1.204,216.32,378.723,8.82,2.183,1.382,1
7.894,139.249,218.339,1.949,329.647,387.263,9.851,9.574,2.314,1
7.672,142.172,113.289,1.766,325.13,593.237,5.666,47.289,2.062,1
5.93,13.173,384.749,6.325,118.697,1087.885,21.561,85.784,6.245,0
5.369,7.126,594.353,3.945,24.377,1178.612,11.961,73.358,3.633,0
6.736,116.352,264.484,1.737,212.408,367.315,6.804,21.549,2.03,1
6.044,34.757,511.157,3.845,62.101,949.461,12.768,110.322,4.107,0
7.893,139.108,271.512,1.865,214.231,451.351,6.24,8.739,1.341,1
7.411,123.754,157.157,1.169,252.232,346.909,6.83,5.468,2.621,1
8.285,126.56,116.693,1.497,228.656,527.333,4.12,34.629,1.343,1
3.707,55.423,338.36,5.213,1.203,978.927,14.594,107.702,4.825,0
7.089,179.654,118.771,2.065,275.568,415.815,5.71,42.67,2.843,1
5.863,10.142,407.615,3.595,118.792,875.018,13.738,122.862,5.132,0
7.916,148.942,197.514,1.104,211.336,429.104,4.026,10.412,1.079,1
7.952,197.349,192.072,2.882,205.138,521.564,3.948,6.554,2.355,1
3.302,35.5,395.276,4.465,73.676,993.306,26.142,140.403,3.773,0
7.747,108.941,113.041,2.766,246.667,331.848,9.724,38.255,1.284,1
4.175,63.72,537.943,7.15,57.981,664.47,16.319,51.301,6.294,0
3.438,40.432,504.785,6.836,26.013,881.415,10.983,123.068,6.814,0
4.921,7.208,486.703,3.606,155.849,1186.463,16.257,66.453,5.534,0
6.854,118.553,147.902,2.114,266.27,410.475,9.152,21.702,1.305,1
6.561,139.692,222.156,1.134,308.056,384.548,3.142,36.119,2.939,1
7.884,145.139,260.981,2.347,317.118,365.632,2.987,8.538,2.522,1
6.281,69.504,592.258,3.487,198.151,782.241,18.756,142.231,6.458,0
7.651,159.235,128.427,2.319,236.968,449.5,7.389,43.768,1.317,1
6.667,168.325,168.49,1.107,346.174,337.693,6.414,5.814,2.571,1
7.286,127.422,219.671,1.709,328.193,565.303,9.887,5.501,1.252,1
5.042,8.86,548.252,3.216,78.616,687.965,25.055,145.021,4.373,0
3.465,44.02,454.156,6.342,124.019,803.104,12.73,112.494,6.908,0
6.169,71.632,321.924,5.708,32.693,681.448,29.232,143.685,3.685,0
4.823,47.918,529.358,7.033,102.228,630.699,11.601,133.289,4.547,0
8.424,199.941,224.132,1.359,335.091,380.038,8.492,18.672,2.991,1
7.417,162.297,159.008,2.385,352.738,463.136,3.922,27.031,1.467,1
6.947,187.075,195.109,2.675,389.855,553.459,9.472,30.708,1.59,1
3.926,80.499,350.196,5.778,69.978,1039.568,19.503,62.189,6.218,0
7.202,163.912,162.793,2.729,235.806,504.385,4.146,33.187,1.617,1
8.232,184.92,255.342,1.024,281.691,554.264,2.583,0.012,1.515,1
6.984,175.272,147.975,2.299,202.579,390.29,2.26,41.138,1.363,1
5.061,10.688,529.835,7.064,103.097,989.734,26.099,56.122,6.371,0
6.67,196.991,210.742,1.684,374.861,438.099,4.151,31.963,1.54,1
7.409,154.449,288.808,1.554,310.694,433.898,6.981,21.973,2.856,1
6.682,104.157,251.243,2.525,319.872,592.471,2.466,19.519,1.456,1
5.448,25.467,433.662,6.319,47.992,1093.802,29.786,139.73,6.864,0
5.031,43.402,579.877,4.246,168.163,1095.264,10.402,77.887,5.885,0
6.592,197.479,122.898,2.781,276.19,589.968,3.945,17.615,2.572,1
3.5,2.364,593.694,4.056,81.726,990.112,28.401,108.08,6.388,0
3.584,67.647,512.796,4.605,97.321,833.634,28.952,76.251,6.047,0
4.487,9.554,384.301,6.369,43.91,1035.196,21.202,55.516,7.5,0
6.049,72.434,342.863,5.499,85.066,816.036,24.98,61.756,6.702,0
5.764,31.131,503.046,4.464,53.491,927.257,21.092,58.465,7.548,0
6.332,39.091,566.598,7.207,60.374,817.376,28.838,89.434,6.842,0
5.754,21.604,379.675,4.46,38.947,662.085,20.902,126.203,5.516,0
7.253,194.461,111.53,2.186,266.839,463.44,2.509,32.541,1.235,1
8.313,157.061,169.455,1.746,360.833,423.343,4.562,30.2,1.883,1
8.284,198.398,159.448,1.211,293.236,345.523,8.245,47.371,2.179,1
7.817,143.862,222.515,2.816,282.828,386.253,2.3,24.815,2.705,1
3.686,81.397,373.981,3.898,147.716,700.109,29.231,143.368,4.78,0
7.804,116.362,103.601,1.359,308.869,397.866,5.208,13.36,1.032,1
6.732,194.996,254.402,2.889,245.254,428.745,4.852,36.915,1.972,1
6.603,185.058,198.842,2.575,345.788,487.052,7.001,22.152,1.642,1
7.581,105.197,202.534,2.118,351.027,528.567,5.882,13.735,2.417,1
3.125,9.668,448.144,6.984,128.499,927.886,21.117,140.118,4.417,0
5.456,43.76,349.725,5.876,61.256,687.658,19.068,130.33,4.153,0
6.097,58.017,556.189,7.87,146.187,902.48,25.429,91.5,3.002,0
6.846,186.827,116.036,2.265,364.098,327.398,7.208,34.693,1.36,1
8.302,136.646,296.197,2.186,348.454,596.211,5.931,33.933,2.532,1
5.025,6.135,455.388,6.609,91.148,1180.996,14.642,86.675,4.447,0
7.175,122.018,205.48,2.089,326.742,304.808,2.62,8.109,1.747,1
3.457,50.614,305.084,7.256,118.478,751.394,16.055,85.529,4.186,0
6.657,189.482,274.845,2.313,388.176,484.521,6.194,26.33,1.541,1
3.226,30.328,534.113,7.684,40.644,1077.347,26.552,50.535,4.1,0
3.858,45.037,416.295,6.174,101.604,654.812,23.991,125.067,6.434,0
7.249,118.513,152.341,2.345,314.399,418.091,7.186,1.94,2.441,1
7.318,152.64,154.946,1.968,344.413,383.608,7.788,1.965,2.734,1
4.096,64.083,336.062,6.721,156.228,1137.489,28.598,105.418,6.72,0
5.283,55.023,422.263,5.474,129.226,629.585,20.056,75.259,4.868,0
5.19,50.585,567.767,3.868,39.141,976.818,22.4,144.018,6.358,0
6.389,71.615,388.386,4.699,49.125,1014.986,28.524,72.458,5.785,0
7.608,176.229,258.102,2.072,271.562,508.013,2.937,0.638,2.3,1
7.14,166.38,235.424,2.496,397.901,404.416,2.478,18.181,1.909,1
7.524,163.181,134.976,1.319,288.821,306.303,2.436,18.917,1.973,1
7.354,155.086,233.584,2.213,335.272,483.109,8.294,24.1,1.0,1
7.182,133.7,278.019,2.802,389.194,515.404,9.925,13.911,2.576,1
8.083,131.616,132.005,2.529,219.685,357.677,9.907,9.812,2.144,1
4.876,81.919,542.471,5.945,30.603,1165.79,21.713,116.197,6.241,0
4.982,3.531,424.97,4.331,61.228,825.493,22.867,130.313,6.777,0
6.739,194.273,255.122,1.901,346.83,310.938,5.351,4.547,2.725,1
4.96,7.706,312.727,5.149,161.55,768.771,16.201,97.536,4.567,0
6.727,134.187,142.529,1.578,334.501,548.87,3.681,20.478,1.306,1
7.523,148.051,290.106,2.672,320.361,441.488,6.727,21.509,2.041,1
3.697,73.307,562.765,7.14,16.036,747.491,27.925,134.877,3.7,0
8.474,128.724,166.043,2.352,369.377,303.601,3.911,9.146,2.141,1
6.575,113.272,156.137,2.755,215.856,355.29,5.115,3.9,2.386,1
6.944,149.588,102.522,2.646,243.578,454.423,8.05,23.043,2.217,1
6.603,103.159,260.517,1.867,216.123,535.05,8.263,6.452,2.577,1
6.615,198.663,157.849,2.674,263.073,433.414,5.489,23.459,1.261,1
7.609,118.212,264.24,2.606,204.413,324.772,9.606,10.728,1.252,1
7.07,126.703,194.234,1.538,383.68,421.925,8.265,46.68,2.902,1
7.489,114.834,191.705,1.078,345.731,423.334,4.098,20.789,1.023,1
4.561,23.195,336.876,5.468,185.974,623.969,27.634,117.178,4.35,0
7.146,107.613,278.052,2.234,203.249,413.096,2.819,36.927,1.127,1
8.054,149.717,154.05,1.91,284.002,386.918,8.729,26.821,2.347,1
6.681,116.076,194.257,1.112,321.427,344.388,4.037,35.556,1.753,1
7.685,131.91,151.306,2.343,347.59,517.825,7.76,19.174,2.049,1
4.351,95.533,437.899,6.692,162.955,1031.633,13.295,82.444,5.057,0
7.766,162.092,212.088,1.653,346.05,578.821,9.5,8.821,1.415,1
8.001,196.982,241.117,1.078,219.602,471.36,4.238,14.313,2.19,1
3.714,86.137,357.478,6.103,154.272,1110.949,28.168,129.026,3.145,0
7.682,128.704,165.021,1.819,219.329,530.718,3.137,12.088,1.39,1
6.366,10.566,542.147,7.436,84.016,759.411,26.359,53.106,5.522,0
8.425,182.468,263.813,1.742,268.546,472.7,5.731,47.289,1.241,1
6.953,125.98,271.147,1.321,306.374,310.329,8.692,37.486,1.597,1
6.616,169.228,189.948,2.812,272.215,533.04,6.147,26.678,2.513,1
6.059,48.134,534.397,4.141,10.712,1015.067,29.891,109.943,5.524,0
8.439,179.781,124.964,1.977,318.756,529.874,6.225,43.578,2.307,1
8.131,101.787,275.566,1.542,320.63,325.621,5.685,3.721,2.372,1
5.007,30.56,369.125,3.292,176.011,843.799,18.321,138.065,6.661,0
6.131,2.094,348.81,6.108,101.844,768.886,25.911,93.151,4.731,0
7.791,196.819,115.794,2.233,340.421,311.52,8.935,33.095,2.258,1
6.574,187.863,264.327,1.737,329.958,563.951,3.345,35.998,1.044,1
4.72,51.222,470.862,6.015,11.985,1179.269,17.97,92.889,3.703,0
6.89,165.167,233.561,1.782,204.187,451.391,5.03,16.928,1.194,1
7.815,195.086,240.737,2.03,261.554,389.979,8.388,47.304,2.743,1
5.72,35.549,354.484,4.403,175.298,988.818,21.318,57.959,7.14,0
5.374,51.908,548.256,4.504,119.261,911.249,14.024,104.288,5.122,0
6.74,108.105,211.951,2.865,332.367,329.874,6.317,33.565,2.942,1
5.718,76.551,353.777,3.509,194.107,607.969,28.938,115.478,4.261,0
5.711,78.69,463.973,6.327,67.129,616.873,18.597,83.422,7.739,0
7.82,193.723,287.661,2.071,326.479,582.4,8.422,46.111,1.299,1
7.49,179.072,212.245,2.941,257.888,477.515,3.017,19.74,1.537,1
3.981,2.581,503.263,7.811,100.599,868.783,23.237,91.443,7.814,0
6.958,169.602,155.381,2.179,378.077,529.979,3.568,44.074,2.485,1
3.435,42.82,372.58,3.717,133.67,1157.133,13.821,102.186,5.565,0
6.677,176.719,192.459,2.207,363.676,431.315,5.775,40.133,1.673,1
8.291,147.463,221.156,2.613,336.863,568.667,9.109,10.841,1.419,1
7.249,167.26,252.38,1.423,244.931,340.133,7.783,6.71,2.308,1
4.814,48.785,567.042,4.776,154.831,858.086,21.446,138.172,4.638,0
3.465,6.896,392.936,5.033,65.241,1059.089,28.232,95.533,7.889,0
7.412,194.427,183.759,1.113,334.618,579.05,2.726,30.19,1.46,1
8.237,140.691,107.892,2.336,231.747,557.497,2.564,32.539,2.04,1
3.439,52.516,530.677,3.407,17.47,880.357,22.139,89.368,7.391,0
6.399,61.033,548.541,7.012,39.53,680.05,28.033,61.927,3.09,0
5.741,55.778,552.814,7.0,60.191,930.342,20.034,147.122,3.075,0
3.39,36.753,589.05,4.791,87.692,1052.896,21.238,143.599,5.595,0
3.914,58.82,542.008,6.057,92.542,1066.093,18.061,135.335,5.968,0
7.448,107.22,124.205,2.194,276.643,572.879,5.686,32.712,1.925,1
8.05,152.894,196.939,1.966,337.818,541.552,9.602,26.363,1.351,1
5.797,53.36,431.745,5.379,4.765,793.686,28.303,82.694,5.981,0
4.28,64.747,305.735,3.517,103.754,1084.774,26.907,78.524,7.78,0
5.953,69.562,397.589,7.739,189.46,665.689,28.688,114.784,5.635,0
4.845,90.176,553.095,4.701,37.238,843.118,19.638,53.082,7.289,0
8.255,101.162,221.418,2.586,331.938,591.554,8.74,40.295,2.634,1
4.357,76.922,303.631,7.135,163.105,948.461,28.65,144.054,4.786,0
5.585,15.202,531.943,3.15,83.375,701.25,11.971,53.343,7.03,0
3.581,64.097,304.408,6.887,187.47,1148.901,27.288,111.49,3.881,0
3.479,58.242,335.551,7.136,128.461,1089.634,20.231,70.62,6.602,0
6.357,24.348,506.317,3.448,39.063,668.38,29.615,128.698,5.287,0
8.007,183.812,138.925,2.43,359.832,486.07,5.874,12.801,2.717,1
7.364,191.549,104.365,1.137,259.457,467.923,6.37,17.82,1.913,1
6.16,99.487,389.94,4.628,63.85,780.952,18.302,145.413,7.226,0
7.755,100.576,129.759,2.843,314.057,518.106,2.08,24.816,2.864,1
6.074,62.386,541.045,6.908,27.487,1101.827,17.729,132.064,5.241,0
6.702,166.686,157.681,1.885,384.487,319.228,6.122,10.519,2.725,1
8.311,190.903,211.728,1.539,288.367,411.292,3.314,28.956,2.58,1
6.627,187.912,281.844,2.175,349.416,371.946,4.066,24.209,1.211,1
7.043,198.408,202.501,1.184,242.064,576.794,4.666,26.012,1.514,1
3.915,99.248,585.232,4.528,149.613,610.499,11.708,55.633,6.033,0
8.234,177.985,197.533,2.447,230.286,389.358,2.525,32.079,1.139,1
6.572,151.771,155.363,1.151,319.046,512.901,6.551,25.204,2.695,1
7.276,191.236,102.341,2.592,211.917,480.974,2.519,35.225,2.625,1
6.641,148.667,244.795,1.376,308.223,459.997,9.366,8.422,1.395,1
6.523,168.953,188.809,2.001,338.41,410.004,6.923,30.388,2.286,1
7.904,114.25,226.821,1.667,225.365,581.977,8.749,37.919,1.796,1
8.165,194.406,281.287,1.614,339.433,460.604,9.832,13.984,2.273,1
8.349,163.262,106.638,1.62,336.438,340.109,2.931,39.004,1.138,1
6.892,117.968,168.633,1.382,232.673,531.646,6.03,9.454,2.237,1
5.284,87.332,556.509,6.684,93.339,976.082,14.118,95.723,5.215,0
6.131,66.949,330.568,3.526,63.072,1103.304,24.57,94.841,7.752,0
7.235,194.362,148.379,1.038,361.985,406.439,4.934,15.114,2.796,1
4.348,73.687,396.449,7.217,47.574,1093.104,11.57,64.81,4.434,0
5.256,2.419,414.155,7.872,94.545,1074.786,13.979,148.265,3.582,0
5.534,36.014,315.707,3.936,168.971,811.489,13.567,131.232,5.919,0
4.218,48.355,446.288,3.859,161.561,645.167,11.722,54.668,5.568,0
4.675,59.448,450.925,4.871,155.596,1095.834,24.791,50.128,7.425,0
4.809,79.545,350.086,4.821,171.422,712.939,20.493,148.36,5.046,0
7.882,177.985,155.855,2.328,316.543,565.572,6.493,49.584,1.472,1
3.52,85.142,388.59,5.247,141.168,1068.877,25.136,77.743,5.794,0
4.783,80.593,359.765,3.647,22.406,788.497,11.265,102.781,4.071,0
3.816,13.644,487.435,4.708,192.162,633.061,18.206,117.513,5.352,0
4.39,84.07,425.834,7.154,47.259,1097.964,16.804,139.207,3.022,0
8.053,151.977,128.519,1.651,209.117,474.932,7.547,26.829,2.431,1
7.572,174.351,268.29,2.005,275.996,440.567,4.978,34.966,1.962,1
8.427,192.085,219.796,2.741,316.909,437.066,7.761,8.145,2.826,1
3.364,92.718,513.914,3.56,27.323,710.549,22.787,116.735,4.446,0
3.607,46.156,582.235,7.678,175.853,891.531,28.635,132.265,6.449,0
3.969,81.745,394.688,5.3,138.708,1048.512,12.606,84.233,7.054,0
7.138,187.075,155.076,2.556,296.659,538.204,2.315,3.935,1.776,1
8.401,126.975,197.118,1.045,334.087,520.942,8.853,12.707,1.701,1
7.914,198.772,275.916,2.195,336.506,591.738,4.457,25.185,2.667,1
8.116,153.697,278.798,1.183,217.975,510.26,6.359,9.564,2.327,1
3.654,8.566,385.282,4.924,80.66,997.339,28.415,149.742,5.603,0
5.051,40.99,403.603,5.025,40.609,1168.292,17.994,81.493,5.598,0
8.481,123.605,174.911,1.646,237.055,341.835,2.705,32.493,2.212,1
8.315,199.491,258.652,1.517,259.186,394.66,3.013,13.084,2.602,1
7.767,159.294,230.859,1.399,320.182,385.562,4.158,25.856,1.816,1
7.157,112.211,107.799,2.309,204.801,394.69,9.323,9.09,2.141,1
4.594,25.678,383.628,3.822,85.505,620.626,29.971,111.268,3.113,0
7.437,167.651,225.247,2.382,227.997,417.275,5.246,20.235,1.764,1
6.683,186.827,190.8,1.081,310.946,457.828,9.526,29.856,1.76,1
8.022,160.774,140.753,1.798,295.706,550.249,4.71,34.464,2.172,1
3.474,57.998,477.191,7.699,84.33,647.176,16.411,132.18,4.969,0
7.444,123.167,176.084,1.506,208.999,335.763,2.169,4.29,2.768,1
8.211,119.954,191.247,2.816,319.892,400.463,3.346,2.489,2.882,1
3.838,43.685,515.536,4.754,145.519,999.568,13.147,129.219,7.09,0
4.657,0.322,513.786,5.061,146.848,1179.502,10.969,121.207,3.191,0
4.787,60.349,463.349,4.191,88.526,1192.808,12.575,83.72,6.338,0
4.567,51.906,453.339,3.996,178.502,958.609,12.335,117.025,5.04,0
4.175,10.411,456.051,5.939,62.126,1183.541,27.088,139.476,7.536,0
5.718,65.088,301.146,3.801,12.424,1002.459,25.282,67.884,7.555,0
8.042,123.067,157.428,1.377,266.394,313.545,3.64,17.836,2.065,1
8.44,198.767,112.531,1.575,278.382,511.981,8.543,40.295,1.896,1
8.217,143.089,130.892,2.651,259.322,327.735,5.986,8.125,2.179,1
4.888,27.262,304.295,4.567,60.977,1077.007,10.182,100.02,6.937,0
8.319,162.589,122.954,1.807,323.878,500.006,3.287,7.531,2.41,1
6.569,131.875,204.678,1.227,293.536,357.607,5.42,32.302,1.082,1
6.995,149.82,110.227,2.342,362.877,453.138,2.422,28.675,1.929,1
6.873,150.747,125.253,1.211,218.993,339.106,9.893,22.913,2.371,1
6.655,146.349,273.115,2.772,226.636,566.7,2.207,42.516,2.111,1
5.434,59.035,449.262,3.924,119.588,1120.207,13.857,115.378,3.474,0
3.586,7.942,449.009,5.808,46.213,1009.507,15.04,51.178,4.739,0
5.108,95.958,440.996,4.005,1.972,978.381,26.737,76.204,4.152,0
6.563,105.784,283.018,1.185,326.275,434.724,4.82,0.458,2.632,1
7.383,100.494,123.228,2.127,247.385,595.002,9.581,5.031,1.234,1
8.373,176.103,238.83,2.628,265.388,461.509,3.582,10.526,1.081,1
8.126,186.814,188.088,2.962,281.935,321.8,6.762,16.983,1.359,1
7.086,103.934,176.841,1.626,283.089,406.042,5.084,15.238,2.551,1
4.269,81.779,568.228,5.037,76.043,726.458,20.061,133.921,7.585,0
3.067,63.629,362.123,7.795,159.387,815.246,16.434,104.962,3.171,0
5.778,34.61,380.278,6.779,53.841,741.23,23.109,143.755,3.046,0
7.273,110.698,228.576,2.763,362.495,326.012,3.367,38.522,2.461,1
8.362,182.888,169.175,2.992,368.433,411.613,4.223,3.08,2.408,1
3.911,87.665,300.442,4.433,110.245,1155.951,29.557,91.291,6.885,0
5.079,68.023,377.863,6.72,59.232,1149.489,16.338,115.226,6.583,0
3.282,11.834,358.572,5.912,108.593,840.214,20.627,137.888,4.323,0
6.16,13.252,401.204,6.419,154.326,686.544,23.883,59.366,4.685,0
8.255,125.813,186.197,1.519,313.204,302.726,3.973,28.058,2.705,1
4.764,64.257,518.694,7.64,71.04,785.351,20.815,116.935,6.225,0
6.195,21.52,502.239,7.555,88.392,1079.134,21.158,118.812,3.982,0
7.892,149.159,186.085,1.413,290.348,464.915,7.308,2.194,2.962,1
4.532,18.144,526.028,6.403,16.233,916.914,19.199,90.465,5.354,0
6.581,165.033,176.768,2.5,210.913,583.412,7.958,11.703,1.925,1
6.867,192.525,182.219,1.668,251.966,363.524,8.028,43.282,2.544,1
8.41,197.587,264.758,2.564,361.935,316.49,2.652,3.401,1.13,1
6.039,10.974,512.316,5.207,91.686,862.659,29.984,139.182,4.049,0
6.687,143.233,119.307,1.167,379.587,350.406,3.523,6.578,1.195,1
6.775,154.127,202.531,2.37,261.149,573.969,4.551,25.072,1.19,1
3.255,48.297,545.138,4.208,166.981,626.753,26.699,71.972,5.767,0
7.084,192.44,287.364,2.371,334.477,585.936,8.849,47.98,2.603,1
6.553,190.07,280.491,2.392,244.098,350.749,6.324,49.246,1.564,1
3.836,20.851,340.98,7.212,20.975,1021.966,16.64,114.28,6.535,0
4.541,65.616,384.744,6.098,160.845,910.809,28.18,69.813,7.086,0
7.483,125.768,250.236,2.778,288.515,543.205,3.98,47.202,2.643,1
8.023,151.56,265.341,2.981,309.386,326.574,9.53,23.005,2.175,1
5.897,60.161,333.299,3.772,4.007,831.035,20.437,90.893,3.455,0
3.6,74.807,386.665,4.985,30.999,859.24,28.37,137.656,5.558,0
8.297,132.361,108.405,2.718,392.696,515.303,7.202,5.63,1.755,1
5.425,75.616,489.814,6.776,23.871,1053.988,18.24,98.86,6.371,0
7.623,151.269,204.666,2.68,385.772,335.392,6.51,6.355,2.952,1
5.567,83.986,323.059,3.503,185.416,765.059,25.099,102.858,6.86,0
6.649,135.462,132.941,1.502,334.768,576.161,2.855,7.742,1.898,1
4.26,56.23,430.145,4.169,29.192,1092.305,19.701,65.724,5.513,0
7.657,132.646,128.005,1.933,310.473,438.107,3.66,10.391,2.176,1
3.505,94.308,473.137,3.89,35.64,1124.121,28.189,132.074,3.095,0
6.668,113.965,292.227,2.415,214.547,478.843,8.197,1.152,2.923,1
7.479,168.014,265.196,1.855,271.319,528.12,2.503,44.511,2.886,1
7.958,142.777,274.116,2.732,315.072,455.403,2.281,9.131,1.5,1
3.559,30.625,524.233,3.837,23.952,1092.883,19.193,102.746,3.88,0
8.472,169.263,151.867,2.609,236.178,404.347,9.751,27.871,2.13,1
7.559,130.096,257.689,2.657,338.684,581.454,3.085,25.097,2.04,1
8.12,186.012,176.902,1.02,390.913,338.721,9.427,48.196,1.216,1
7.062,186.436,278.46,1.439,211.376,507.516,7.154,30.659,2.405,1
7.062,169.547,272.71,1.104,270.966,498.695,5.069,48.071,2.028,1
6.873,187.746,223.06,1.027,281.318,444.605,9.913,3.291,1.484,1
5.821,70.768,514.327,5.026,72.288,1127.636,10.939,66.392,7.646,0
6.171,95.552,434.496,7.879,18.193,1120.621,26.91,52.257,6.563,0
6.128,53.03,554.413,3.515,31.816,816.73,26.222,135.673,4.509,0
5.179,99.126,541.188,3.96,41.157,915.191,16.033,134.0,3.048,0
8.136,108.699,226.934,2.346,335.927,463.922,6.078,3.523,1.254,1
8.107,109.149,188.065,2.477,383.454,436.695,7.271,40.219,2.462,1
8.282,140.414,244.429,2.399,271.088,510.47,9.752,25.637,1.342,1
3.824,14.637,439.229,4.249,103.588,956.211,26.064,109.298,3.06,0
6.892,140.193,182.353,1.154,208.028,383.026,5.922,12.348,1.469,1
4.499,54.503,474.487,4.351,66.623,853.612,11.554,112.726,6.078,0
5.122,99.633,518.803,3.131,106.377,1026.253,14.011,103.749,7.362,0
6.639,123.754,245.835,2.389,236.892,351.139,8.642,45.045,1.226,1
7.219,160.002,147.487,2.257,362.745,557.357,4.425,24.243,2.223,1
7.123,123.296,113.534,1.845,266.057,446.936,2.846,36.476,2.415,1
7.752,104.011,102.026,1.483,326.292,507.873,7.678,47.032,2.293,1
7.198,187.154,189.411,2.011,237.328,539.399,3.247,27.088,1.633,1
4.516,28.219,561.424,3.891,118.865,689.629,22.43,60.448,7.66,0
4.694,81.177,419.351,5.35,108.862,1077.834,28.082,65.829,7.718,0
4.334,44.978,597.398,6.343,101.966,977.24,28.875,141.462,4.955,0
7.537,145.522,188.676,1.036,277.455,316.383,9.798,0.02,1.044,1
7.241,144.375,266.73,2.991,279.867,585.992,2.26,32.238,1.832,1
6.34,30.468,386.223,4.477,176.39,620.054,27.175,107.788,4.628,0
7.952,170.906,286.351,1.44,365.688,429.852,5.059,2.029,1.081,1
7.447,146.262,114.202,2.158,209.673,584.511,7.162,19.814,2.109,1
5.445,18.448,518.117,4.602,192.487,1144.657,26.851,77.49,5.96,0
7.057,186.729,265.65,1.909,355.964,339.386,9.569,30.891,1.505,1
6.956,165.524,296.822,2.465,358.438,573.84,8.418,20.501,1.567,1
4.984,63.667,588.188,5.927,174.305,761.778,28.774,84.193,5.479,0
8.439,187.47,191.66,1.411,386.887,359.267,6.108,43.913,1.255,1
6.826,172.526,274.74,2.014,391.589,461.466,6.554,27.223,2.097,1
4.842,48.097,595.458,6.332,45.169,1004.052,22.983,136.349,3.821,0
7.494,167.802,242.049,2.169,218.884,474.516,2.867,38.734,2.29,1
6.524,156.702,145.55,1.038,381.408,506.17,7.264,40.895,1.44,1
8.009,170.678,227.38,2.153,225.389,560.118,8.856,12.495,2.914,1
4.254,69.0,589.224,4.39,135.826,1106.237,13.434,115.061,6.022,0
7.598,124.71,281.522,2.097,316.129,384.765,6.945,12.3,1.262,1
7.082,103.395,232.758,2.568,245.999,557.38,2.716,37.383,2.788,1
3.385,9.84,515.499,3.359,171.069,849.697,16.329,52.091,3.615,0
3.521,15.017,513.517,4.152,21.253,759.102,26.518,104.893,7.479,0
4.533,17.411,443.07,3.347,49.145,977.81,16.674,75.695,3.203,0
6.522,180.567,143.579,2.995,228.511,433.032,4.517,48.533,1.483,1
3.841,68.112,342.855,4.841,122.469,1126.277,27.765,85.098,7.438,0
3.627,46.521,536.68,6.397,170.589,661.127,12.265,136.103,7.98,0
7.868,106.536,145.063,1.135,331.885,518.289,3.014,26.885,1.693,1
6.849,153.999,267.408,1.371,399.114,544.997,6.216,23.803,1.576,1
8.357,162.622,204.289,1.343,386.946,474.621,6.854,2.353,2.339,1
5.508,79.871,428.611,7.22,61.751,816.924,23.522,106.069,4.957,0
3.546,93.06,495.492,3.887,166.932,1100.675,24.889,119.28,3.887,0
3.474,97.587,575.246,4.431,171.428,1146.118,10.029,74.721,7.789,0
4.92,84.2,310.806,5.076,182.612,611.984,28.192,63.637,5.871,0
8.471,161.861,120.127,1.885,250.896,502.92,3.499,13.517,2.59,1
7.585,135.063,166.269,2.607,315.396,315.053,5.457,14.175,1.036,1
3.602,22.666,524.594,4.008,180.941,675.151,17.321,108.023,7.306,0
4.184,45.177,578.768,7.325,170.963,1184.664,18.405,53.77,4.372,0
4.709,1.103,342.241,3.372,197.872,1194.975,27.237,80.123,3.27,0
7.55,156.795,279.967,1.809,379.138,396.62,6.375,3.927,2.235,1
8.221,140.845,133.191,1.162,389.185,374.923,4.401,13.907,2.867,1
7.82,187.178,221.581,2.533,334.45,421.491,6.366,24.118,1.412,1
7.614,143.031,214.354,1.286,331.62,444.168,6.399,27.617,2.72,1
4.234,30.552,555.104,5.602,109.233,1115.16,16.411,116.939,4.018,0
3.982,57.187,556.961,3.155,96.038,890.326,15.963,109.831,5.784,0
6.686,106.735,152.057,1.616,350.694,399.652,7.579,27.995,2.747,1
8.243,158.009,130.421,2.755,268.192,489.231,7.619,45.404,1.561,1
3.208,99.414,408.07,5.828,160.956,1126.272,13.993,82.054,7.792,0
3.702,6.761,314.056,7.146,168.379,1121.818,12.581,68.79,6.437,0
7.182,196.299,161.062,1.221,280.541,416.392,6.748,11.681,1.014,1
7.563,193.621,214.41,2.994,387.914,303.154,5.541,21.516,1.518,1
5.681,54.796,318.661,7.172,196.779,786.223,15.737,69.644,5.459,0
4.603,78.076,404.429,6.561,51.073,871.73,24.178,73.707,6.321,0
5.52,10.105,437.399,4.01,83.32,684.83,18.553,124.824,4.943,0
4.893,86.201,305.798,5.872,78.231,1055.386,10.322,126.809,5.927,0
5.029,84.193,591.077,5.188,7.814,945.475,10.776,120.918,4.664,0
5.756,89.803,443.053,4.989,178.418,1060.659,24.543,73.921,7.616,0
5.476,13.348,463.929,7.105,109.581,685.837,26.851,93.867,3.057,0
7.825,161.586,244.563,2.409,285.497,480.741,8.071,19.153,1.202,1
4.291,14.889,391.183,4.694,108.789,698.74,19.661,99.222,7.932,0
8.023,188.087,169.588,1.128,370.23,526.935,7.787,23.09,1.77,1
5.55,81.595,372.12,3.67,75.942,1175.847,28.63,119.799,5.351,0
6.533,198.119,113.928,1.52,397.467,469.625,7.007,44.342,2.605,1
7.108,118.058,169.469,2.465,377.217,312.449,3.06,12.067,1.946,1
4.422,71.812,565.039,3.428,93.858,1156.647,25.657,149.548,6.258,0
7.593,187.01,208.708,1.795,370.115,400.333,8.517,10.259,2.74,1
6.185,83.17,348.911,5.767,178.693,720.547,22.034,113.705,5.982,0
3.932,5.855,379.598,6.811,68.028,846.676,26.239,86.351,5.312,0
3.09,0.756,577.915,7.696,81.066,1065.526,14.658,132.058,4.261,0
3.596,59.823,514.298,7.876,79.973,1074.05,18.935,110.301,3.027,0
7.759,181.783,155.154,1.307,232.292,543.488,6.74,17.148,1.006,1
6.688,100.977,109.13,2.765,211.713,567.342,7.709,31.127,1.659,1
3.423,98.368,554.118,5.27,86.617,655.81,14.615,92.589,7.417,0
5.24,50.836,361.404,7.409,138.52,1001.561,13.822,88.705,4.665,0
6.988,163.853,193.754,2.782,346.044,317.218,7.026,48.603,2.103,1
6.899,186.204,246.164,2.889,279.398,377.671,8.998,2.003,2.652,1
4.424,99.835,576.298,4.234,89.62,626.916,26.388,139.377,4.696,0
8.144,170.468,168.077,2.194,356.485,552.487,2.918,11.377,1.044,1
5.261,22.061,509.163,7.191,10.201,695.8,19.475,56.326,7.12,0
8.383,173.311,215.44,2.878,245.355,454.55,5.644,24.007,2.034,1
7.762,140.933,159.984,1.445,237.987,479.342,5.122,21.168,2.05,1
6.695,172.477,130.249,2.961,358.764,590.946,8.989,22.432,2.71,1
4.209,58.777,510.351,6.958,42.99,1138.519,12.529,53.097,6.308,0
6.642,124.723,234.593,2.63,302.341,445.252,3.675,6.048,2.161,1
8.426,178.239,208.605,1.339,375.92,407.903,8.131,16.707,1.031,1
4.01,36.224,468.622,3.297,142.31,652.45,17.244,53.28,6.681,0
3.228,28.591,496.989,5.147,195.27,697.507,14.535,80.322,7.601,0
3.215,43.951,531.047,7.741,82.614,1149.174,19.187,54.916,4.313,0
5.256,43.208,526.279,3.26,189.773,686.587,13.339,93.951,7.268,0
7.178,104.574,122.198,1.709,323.835,361.441,7.535,40.637,1.756,1
3.697,91.893,330.541,6.343,124.906,844.064,10.388,99.565,5.409,0
4.363,98.467,430.984,3.619,62.427,1030.841,20.647,81.638,3.064,0
5.767,34.125,586.814,3.247,1.286,895.201,10.199,62.978,7.861,0
4.619,2.62,448.878,5.049,84.994,1095.321,19.416,139.51,3.334,0
3.764,97.997,444.267,4.967,158.492,1197.735,28.631,70.047,4.715,0
3.878,54.67,494.345,5.514,128.475,863.478,21.378,120.55,3.308,0
4.926,33.451,584.127,5.983,190.47,1161.896,23.209,92.034,5.857,0
7.767,133.512,170.475,1.602,309.775,397.851,3.992,31.461,1.841,1
3.882,32.693,391.26,5.908,147.572,732.282,27.03,89.478,5.769,0
6.79,169.747,242.403,2.411,342.427,572.648,2.403,48.118,1.206,1
3.519,73.751,572.37,7.698,14.037,660.093,12.211,62.305,4.291,0
5.007,13.535,418.966,3.351,129.044,899.381,11.668,81.484,5.383,0
5.7,80.154,387.151,4.034,172.341,829.7,18.992,124.838,7.273,0
6.822,122.444,140.403,1.484,300.056,559.521,5.01,45.914,1.61,1
8.446,139.759,160.253,1.483,272.964,474.992,2.971,42.966,1.719,1
5.616,60.625,447.859,3.424,108.307,687.969,20.87,80.624,4.115,0
7.517,192.775,239.18,1.868,234.929,399.728,9.247,30.67,1.095,1
8.079,150.723,104.67,2.247,391.344,392.841,5.722,34.504,1.507,1
8.005,193.388,177.597,1.029,235.416,396.22,6.041,35.706,1.3,1
3.397,53.531,416.45,7.488,67.908,746.169,15.748,65.828,6.049,0
3.258,69.514,321.533,5.325,78.318,856.137,19.414,91.745,7.368,0
5.359,3.843,314.994,5.058,13.569,991.369,17.1,95.55,3.715,0
3.273,86.806,513.962,6.651,144.349,984.268,14.927,138.284,5.488,0
7.579,112.951,276.483,1.429,342.944,384.576,7.376,28.595,2.06,1
8.29,179.878,289.14,1.575,311.238,325.49,5.154,24.19,2.386,1
6.979,183.701,134.752,1.497,200.006,360.538,6.322,5.198,2.648,1
8.153,173.64,162.243,1.653,271.628,374.289,8.987,20.226,2.077,1
3.037,51.727,330.755,3.181,187.257,804.942,25.266,64.087,7.32,0
7.827,144.59,271.668,2.497,308.275,430.359,4.698,20.332,1.117,1
5.196,39.698,363.598,6.114,37.65,1177.64,12.7,97.699,3.779,0
6.268,61.294,585.279,5.098,8.577,610.003,11.708,96.469,7.381,0
3.845,9.808,489.277,5.704,150.159,1164.451,13.281,89.154,5.616,0
7.702,124.967,113.073,2.348,335.939,354.545,7.015,12.062,2.387,1
6.147,18.52,348.501,4.803,190.134,1188.83,18.526,135.457,6.839,0
7.109,133.987,122.819,1.864,395.456,485.158,7.709,13.248,1.543,1
7.348,186.89,211.542,2.355,366.522,364.063,5.443,13.394,2.39,1
4.826,30.313,410.612,5.05,142.776,1005.139,27.3,64.745,5.064,0
7.134,112.519,265.857,1.234,301.186,324.967,2.145,45.198,2.245,1
7.775,154.13,158.698,1.642,317.325,567.991,8.223,44.388,1.43,1
4.305,1.919,473.49,6.351,37.785,1004.576,23.583,67.127,3.748,0
5.664,16.801,571.833,5.736,134.304,639.166,10.117,104.23,4.939,0
4.647,95.763,572.983,7.383,137.374,1056.021,20.817,119.062,7.242,0
5.262,52.704,317.353,5.289,144.082,993.492,28.669,50.079,4.26,0
5.909,40.149,508.085,5.703,11.092,951.741,28.015,100.357,7.159,0
6.78,131.036,278.505,1.839,282.965,467.307,3.253,33.498,2.517,1
3.134,88.008,551.802,5.899,67.509,646.182,27.391,81.318,5.091,0
6.932,110.457,107.344,1.148,230.289,481.769,2.666,24.373,2.289,1
7.764,153.117,201.091,2.567,282.158,314.788,3.593,24.263,1.267,1
8.317,170.836,167.042,2.26,223.644,392.908,6.638,38.499,2.068,1
4.571,6.665,585.429,3.682,98.098,1199.61,27.012,52.439,3.439,0
3.068,53.996,389.416,4.267,188.204,943.662,25.127,95.002,7.136,0
3.827,99.181,550.748,5.076,137.319,870.678,20.2,90.016,3.498,0
4.769,95.14,404.646,7.039,185.618,756.029,16.682,144.567,7.573,0
5.219,0.933,452.076,7.59,68.243,939.511,14.137,71.005,6.624,0
8.401,138.856,217.746,1.063,356.043,482.905,5.395,29.964,1.463,1
7.505,165.845,171.56,2.333,280.405,569.775,5.899,10.953,2.842,1
7.719,179.743,191.853,2.791,220.687,494.605,6.098,37.691,1.607,1
6.19,14.225,569.568,4.783,68.658,662.796,25.445,105.406,4.566,0
5.839,56.148,498.304,3.988,68.084,798.549,11.87,126.925,4.137,0
4.282,41.413,322.682,5.932,123.645,873.34,28.769,57.87,5.954,0
4.941,44.72,497.206,7.562,143.356,977.008,15.924,114.228,7.402,0
7.249,198.765,218.732,1.628,365.186,434.983,6.77,35.332,1.936,1
7.667,165.785,213.875,2.199,227.043,395.071,4.144,18.415,2.607,1
7.976,133.69,291.012,2.503,390.107,473.563,3.547,9.689,2.651,1
8.134,168.789,274.241,1.714,225.665,502.985,8.304,29.628,1.482,1
6.72,180.952,183.552,1.918,380.053,445.69,9.996,43.973,2.31,1
6.053,84.651,575.472,7.699,68.176,1118.274,25.626,79.575,6.449,0
4.712,23.371,512.093,7.643,190.302,869.423,28.731,83.645,6.201,0
7.102,156.573,162.87,2.077,366.304,529.904,9.007,13.241,1.748,1
3.565,63.618,382.221,3.348,37.098,1061.839,24.053,65.031,6.046,0
8.294,196.888,272.913,2.753,256.908,319.138,8.738,38.308,1.579,1
5.347,54.001,318.807,7.853,74.959,875.582,16.167,71.121,7.387,0
8.092,149.889,114.186,2.583,278.348,402.908,3.56,30.301,1.053,1
7.22,168.946,203.315,2.084,381.604,306.554,4.558,24.639,1.379,1
6.706,116.704,168.121,1.135,224.657,373.199,7.474,3.28,1.998,1
7.136,186.213,293.425,1.125,339.567,316.867,2.031,26.702,1.236,1
8.255,193.203,160.789,1.5,263.048,580.618,9.761,38.561,2.992,1
6.823,102.212,184.51,1.388,225.11,492.833,9.36,25.92,2.874,1
7.912,120.185,208.282,2.856,398.503,309.106,3.009,13.98,2.281,1
7.356,113.124,112.728,2.0,250.176,539.341,3.334,33.427,1.432,1
7.397,193.661,292.803,2.132,297.929,415.886,5.398,27.17,1.096,1
6.347,56.066,323.537,6.151,191.349,748.972,18.542,109.672,3.857,0
4.938,32.468,587.38,4.57,197.435,1042.459,28.115,112.47,7.021,0
5.779,95.807,591.923,5.619,192.201,868.125,14.62,63.035,6.19,0
4.424,65.648,575.859,4.586,17.402,957.249,13.131,95.566,3.209,0
3.81,24.668,422.824,6.214,136.09,1150.054,17.164,89.408,6.491,0
7.521,125.975,185.498,2.677,200.222,555.615,4.277,47.256,1.467,1
3.824,15.242,528.311,3.296,131.8,1104.209,21.747,112.331,5.285,0
7.511,103.667,181.926,2.998,249.169,587.441,3.628,28.62,2.167,1
3.617,65.935,556.135,7.025,83.062,610.148,24.585,144.475,5.832,0
3.376,45.945,322.872,5.779,1.389,979.907,12.257,100.389,4.274,0
5.982,88.66,535.557,5.408,23.709,1009.603,21.263,113.385,7.91,0
4.392,36.831,590.054,7.894,38.896,851.354,14.307,54.93,4.078,0
8.198,127.326,122.516,2.465,250.462,317.537,3.211,45.613,2.467,1
4.095,84.203,331.609,7.551,62.271,1091.697,25.883,83.269,5.125,0
4.483,72.207,498.914,5.036,182.381,650.528,13.455,74.48,5.414,0
5.134,1.212,377.971,4.638,134.442,664.217,16.086,62.819,4.257,0
6.177,66.137,527.193,5.213,15.493,805.335,24.789,121.946,5.074,0
3.476,41.262,390.879,7.047,67.426,951.485,18.239,91.096,5.854,0
5.102,17.53,413.195,4.323,188.06,629.26,26.367,101.343,3.102,0
3.086,73.28,534.11,3.305,59.68,849.377,27.119,103.552,7.623,0
3.516,45.438,344.191,3.687,96.163,1057.278,15.609,111.385,3.098,0
7.064,177.347,174.234,1.487,391.958,433.655,6.458,4.737,2.951,1
5.491,27.307,535.862,4.449,104.485,1083.072,11.214,66.164,4.375,0
5.467,76.488,567.927,3.406,187.353,878.391,23.664,143.045,4.44,0
7.905,147.994,240.527,2.121,212.289,440.822,2.779,19.312,1.73,1
4.14,38.194,407.109,5.439,39.645,898.046,24.196,106.681,4.711,0
8.473,109.39,208.341,2.055,366.125,365.276,2.168,3.757,1.414,1
7.667,161.949,215.456,2.726,297.636,473.794,4.975,3.629,2.989,1
8.359,122.382,136.845,2.428,213.879,480.238,9.386,20.402,2.947,1
4.446,50.257,478.54,5.671,71.081,694.056,14.356,138.111,6.291,0
7.654,121.31,280.579,1.491,271.724,510.329,6.433,2.303,2.594,1
6.217,72.598,405.915,3.444,162.062,953.059,29.16,50.845,4.751,0
4.239,80.036,382.851,4.5,36.38,1134.499,20.737,112.48,4.249,0
6.049,87.797,418.539,3.343,174.977,771.681,26.154,106.136,3.68,0
7.866,149.228,185.986,2.324,279.559,534.534,9.298,30.209,2.487,1
5.621,80.264,370.492,7.048,48.228,610.181,20.732,71.101,6.243,0
3.605,43.94,575.528,5.43,70.113,656.136,12.423,56.724,4.21,0
7.485,103.113,270.453,1.115,382.268,423.219,3.396,27.194,2.181,1
6.089,89.512,372.593,3.612,74.997,1145.739,27.495,98.922,5.359,0
3.381,8.092,410.336,3.95,9.392,947.876,22.676,124.932,3.718,0
6.847,173.159,178.915,1.011,208.057,587.662,6.617,32.745,2.493,1
5.683,78.203,429.819,6.025,173.736,975.39,23.714,81.959,6.593,0
7.139,120.584,237.655,1.822,215.352,506.331,2.382,21.209,1.897,1
3.044,35.538,427.568,5.747,17.862,1171.358,16.401,75.77,3.375,0
5.317,65.02,387.993,7.82,129.101,1144.191,28.065,134.079,6.618,0
8.38,127.683,206.793,2.644,314.322,555.995,9.56,9.855,1.103,1
7.64,106.421,163.389,1.784,270.946,425.149,8.69,36.019,2.227,1
3.79,41.615,486.724,3.134,46.313,698.17,19.542,96.339,5.583,0
5.541,53.583,506.106,7.366,99.615,805.437,23.858,94.043,7.312,0
4.74,66.491,301.309,5.346,159.677,711.954,23.315,82.558,3.174,0
7.251,155.965,194.499,2.71,241.766,353.749,8.098,7.025,2.747,1
8.19,144.531,161.263,2.522,276.557,472.947,7.93,26.366,1.342,1
7.97,165.674,163.773,1.067,375.607,494.489,5.677,34.372,1.516,1
7.03,141.973,102.481,1.331,316.626,419.995,2.846,44.754,1.7,1
6.109,73.566,438.515,3.764,134.077,969.774,10.142,55.713,5.824,0
5.958,8.217,469.526,4.339,153.119,642.041,19.543,72.992,6.273,0
6.586,187.852,281.891,2.219,241.663,318.272,7.18,43.54,1.887,1
6.591,137.104,172.384,1.405,310.937,377.29,9.84,23.539,1.066,1
3.553,39.882,332.779,6.151,56.84,709.058,26.153,144.638,6.667,0
4.283,92.7,510.762,4.117,161.577,629.403,18.996,52.388,6.021,0
4.478,49.646,451.439,5.305,119.45,1159.36,19.414,95.326,7.713,0
5.154,64.233,526.274,6.471,148.037,968.7,23.961,127.252,3.617,0
6.035,20.248,316.39,5.472,32.177,973.772,11.047,149.209,6.134,0
5.544,73.065,394.004,3.958,170.881,715.496,24.509,93.803,3.806,0
3.648,25.224,451.787,3.476,38.211,1057.417,16.54,92.112,3.622,0
5.063,29.654,588.041,7.919,37.836,1089.573,19.287,81.522,7.96,0
6.028,75.527,408.015,3.857,147.654,764.528,18.212,118.914,5.246,0
3.29,12.15,536.265,7.859,188.608,726.904,18.326,133.216,7.666,0
3.456,61.098,456.773,4.441,131.942,667.502,17.326,68.863,3.335,0
3.16,42.125,558.507,5.156,126.314,821.235,23.546,133.157,7.257,0
6.15,64.197,481.048,5.498,41.728,1189.49,15.414,121.439,3.864,0
5.965,8.479,478.068,6.328,63.76,1077.066,15.712,50.072,5.018,0
7.15,146.74,199.563,2.36,211.989,451.473,5.662,0.918,2.321,1
8.33,177.092,216.561,2.082,351.251,450.584,6.353,5.988,1.049,1
3.525,96.312,532.197,7.673,27.536,1190.454,26.177,84.398,5.356,0
7.956,102.925,249.765,1.585,313.149,367.737,8.689,29.048,2.567,1
5.85,48.587,541.331,3.921,161.222,917.224,11.333,85.485,5.687,0
8.117,169.629,169.901,1.553,397.684,413.921,3.885,41.806,1.198,1
6.244,70.905,497.562,4.131,34.194,664.027,13.77,69.187,5.929,0
7.855,161.693,237.265,2.31,235.379,427.652,2.423,24.151,2.632,1
4.468,8.764,530.27,3.249,76.296,675.666,14.787,125.241,4.857,0
5.456,9.918,399.657,6.787,62.904,1031.22,19.212,65.05,4.362,0
4.605,46.054,311.679,5.798,186.675,605.171,15.504,73.135,3.322,0
6.389,19.747,375.3,5.855,28.099,1041.621,18.977,99.401,6.286,0
3.702,78.861,527.702,3.591,157.993,1179.366,21.326,88.141,4.517,0
4.778,42.608,587.337,5.557,184.833,922.365,16.892,131.014,5.271,0
7.488,117.653,258.571,2.345,293.067,431.37,7.936,29.624,2.811,1
3.049,27.481,321.871,5.151,9.795,767.478,21.539,122.062,7.409,0
8.381,186.862,258.916,1.832,335.133,593.71,9.358,40.971,2.42,1
5.542,76.93,358.75,6.81,7.082,1099.435,21.404,123.595,5.159,0
5.932,21.674,367.809,7.459,151.241,988.405,11.558,50.835,7.305,0
4.101,17.484,459.281,7.152,73.458,739.727,25.803,57.236,5.14,0
6.735,139.386,298.77,1.551,280.548,540.041,4.122,23.973,2.924,1
4.907,88.421,584.306,5.577,176.348,966.226,10.17,96.485,5.066,0
3.338,72.646,543.264,6.186,5.044,1080.491,12.988,81.66,4.555,0
6.703,168.33,156.007,2.718,317.113,540.552,4.068,12.638,1.254,1
7.244,116.976,186.106,2.776,329.114,560.394,8.001,40.513,2.918,1
3.062,4.167,431.099,3.259,59.315,901.725,19.348,122.713,5.186,0
7.358,124.871,105.09,2.69,215.438,437.37,4.636,44.752,1.9,1
5.592,73.736,458.898,6.021,170.649,751.702,29.502,78.254,6.96,0
4.707,88.692,469.222,6.602,151.94,792.01,21.98,61.846,5.195,0
7.993,168.05,156.304,1.004,299.626,522.711,4.932,35.735,1.627,1
6.812,180.656,154.39,2.143,229.85,560.895,3.258,17.532,2.137,1
4.163,37.589,450.181,3.906,140.568,760.798,27.626,60.295,4.993,0
3.719,52.096,534.547,5.394,170.843,796.043,19.892,93.83,4.377,0
3.877,6.485,417.959,3.69,182.922,1135.481,22.763,66.883,7.9,0
5.135,53.296,374.047,4.935,96.749,1092.756,14.956,140.192,7.966,0
4.493,36.776,588.831,6.794,74.59,623.404,14.762,116.527,3.449,0
3.386,80.599,323.295,3.505,2.759,667.438,21.183,127.953,7.015,0
5.862,6.229,390.875,7.65,0.045,986.057,11.793,63.972,6.622,0
5.273,82.248,413.728,4.261,59.356,727.029,16.187,98.242,6.031,0
6.551,177.958,259.583,1.017,251.718,426.514,3.586,11.832,1.882,1
4.442,34.97,456.438,4.372,163.429,826.989,18.665,61.53,6.433,0
5.704,99.67,368.471,3.553,167.932,658.566,11.794,92.457,4.074,0
5.115,86.28,442.931,7.948,150.85,987.786,27.625,124.631,4.343,0
7.278,184.417,172.919,2.716,389.796,589.987,4.633,33.481,1.007,1
4.052,2.564,472.059,7.986,57.349,739.715,19.489,62.509,4.403,0
7.54,102.44,241.567,1.693,312.846,458.597,6.049,1.017,1.062,1
6.63,123.001,192.786,2.502,216.246,469.325,8.311,29.289,1.491,1
5.18,84.087,362.756,7.502,46.48,741.019,11.095,101.822,4.695,0
5.15,22.462,411.517,6.451,54.524,978.011,29.36,136.91,3.246,0
7.784,175.826,295.36,2.107,369.992,391.347,7.626,18.451,1.383,1
8.386,168.326,243.871,1.401,318.692,589.106,2.144,24.322,2.363,1
7.528,184.455,296.259,2.283,231.263,315.848,3.031,49.216,1.455,1
3.786,68.889,399.469,5.562,40.613,722.554,25.345,55.405,5.926,0
8.09,189.41,248.639,2.038,340.348,499.422,6.629,0.466,1.406,1
8.281,144.869,175.066,1.847,312.779,574.53,7.718,40.374,1.362,1
3.433,89.208,542.09,4.785,46.716,754.291,22.722,74.894,5.781,0
8.129,135.923,189.284,1.177,229.065,542.994,9.743,29.441,2.151,1
7.073,103.32,196.408,2.804,269.096,329.008,9.733,47.421,1.149,1
7.845,145.22,106.191,1.464,267.074,447.306,8.095,4.296,2.521,1
4.395,79.003,567.065,6.081,81.148,1174.783,12.634,101.763,3.3,0
7.325,107.35,133.372,2.796,308.254,470.762,5.309,1.235,1.179,1
3.618,12.839,465.75,5.882,100.387,639.633,17.68,122.491,5.014,0
8.449,137.979,296.148,1.393,252.267,470.791,3.774,10.643,1.34,1
7.227,148.059,137.482,2.043,333.011,504.934,7.099,33.453,2.078,1
8.157,176.827,261.281,2.198,353.073,450.712,5.935,33.855,2.897,1
8.44,173.845,292.806,2.558,398.307,393.85,8.591,1.918,1.564,1
5.309,82.607,450.12,5.207,50.211,1041.137,27.925,70.015,3.456,0
6.514,137.269,276.386,2.903,259.165,402.983,3.21,16.225,2.735,1
5.023,25.93,551.699,4.936,24.567,629.916,24.973,142.173,4.644,0
5.02,6.027,507.76,4.224,171.471,1100.595,14.513,86.938,5.262,0
4.974,92.808,528.302,7.675,7.922,962.583,13.188,88.307,7.601,0
3.834,83.98,400.683,3.24,58.09,843.878,29.074,62.898,5.253,0
7.062,142.136,110.391,2.297,373.112,521.14,3.907,6.551,2.931,1
3.424,26.505,499.98,4.21,2.633,1092.509,10.256,60.339,7.229,0
6.864,170.558,206.484,2.243,328.301,358.946,5.64,25.213,2.354,1
7.844,115.861,128.394,2.873,308.06,355.213,7.947,25.916,2.424,1
6.744,153.949,270.123,1.359,373.22,528.664,6.749,39.199,2.959,1
7.055,122.727,252.36,2.762,313.478,470.481,5.287,16.842,1.937,1
7.064,159.295,259.676,2.398,301.139,371.487,9.119,4.461,1.847,1
7.61,106.784,253.213,1.708,315.699,409.021,4.378,18.996,2.872,1
5.529,48.824,434.302,4.511,49.472,704.869,15.704,121.332,7.493,0
7.151,108.238,265.879,1.331,208.316,433.372,3.227,28.287,2.126,1
4.993,73.743,594.343,3.429,189.727,997.716,16.07,71.932,3.289,0
8.379,193.907,133.155,1.537,364.655,355.733,6.286,46.494,2.921,1
3.092,29.755,477.339,5.829,72.138,868.851,25.375,114.722,4.868,0
7.907,168.023,173.811,2.517,380.481,471.256,3.519,13.425,1.973,1
6.082,76.029,543.337,5.072,77.97,1191.36,29.857,80.264,3.618,0
5.485,23.918,307.078,4.379,183.218,686.321,15.824,148.552,5.479,0
4.953,69.216,419.402,4.925,43.707,678.192,21.921,140.305,7.329,0
7.544,120.015,101.533,1.133,259.265,340.33,9.05,48.913,2.683,1
3.176,43.25,592.804,6.425,14.599,812.729,24.908,125.079,7.142,0
7.27,148.152,281.925,1.231,212.407,590.012,3.392,45.717,2.957,1
3.475,50.942,319.708,3.403,182.085,718.31,16.747,59.613,5.019,0
7.798,165.123,276.063,1.312,303.922,372.498,7.489,18.364,2.803,1
7.485,193.095,127.839,1.335,211.923,365.236,3.53,49.945,1.283,1
6.119,95.661,347.182,4.739,23.757,901.932,23.341,70.952,3.827,0
4.764,96.786,531.488,5.93,186.024,633.975,12.618,101.595,6.547,0
4.783,17.743,585.138,4.93,13.738,604.478,29.155,50.92,7.305,0
7.087,129.166,202.473,2.377,388.101,391.471,7.106,17.75,2.392,1
6.668,102.459,122.144,2.006,239.249,594.884,5.22,6.776,1.815,1
7.765,112.887,224.186,1.044,217.011,312.1,4.409,20.547,1.253,1
4.372,21.204,586.535,6.158,112.354,1026.211,24.26,94.96,6.398,0
3.556,61.522,445.223,6.017,33.395,1154.239,26.145,104.239,4.421,0
8.305,116.762,114.342,1.19,303.712,590.02,9.06,34.531,2.863,1
4.144,31.182,337.665,4.656,131.966,938.756,17.579,114.472,4.615,0
6.648,180.785,126.13,2.922,283.678,398.814,6.137,33.371,1.17,1
3.016,12.139,368.603,4.877,57.505,867.532,20.406,88.115,7.964,0
5.878,78.502,382.411,7.522,80.293,1032.633,27.4,120.877,4.316,0
6.999,117.39,163.352,1.869,332.765,331.987,3.428,3.35,2.209,1
5.006,42.374,388.587,6.653,178.58,614.787,17.124,139.41,5.71,0
8.114,145.379,237.681,2.334,208.813,559.029,6.52,21.19,1.18,1
8.401,154.19,149.396,2.593,361.086,442.031,3.379,9.339,2.375,1
6.109,82.505,475.132,3.885,113.222,727.249,25.326,108.526,7.468,0
3.362,45.819,511.461,4.199,131.999,1176.22,28.696,118.829,6.187,0
3.724,23.687,512.126,7.13,57.157,1198.603,16.47,116.379,7.487,0
8.226,178.635,105.433,2.473,338.471,322.469,5.578,16.78,1.628,1
6.518,177.041,283.615,2.676,295.698,413.161,9.583,9.179,1.51,1
8.431,107.695,221.705,1.556,231.24,349.877,7.114,22.286,2.589,1
3.51,31.541,429.845,7.665,164.677,825.193,15.745,52.574,3.632,0
6.229,60.791,554.091,7.252,116.381,754.865,27.09,110.669,7.58,0
8.275,195.181,291.184,2.249,219.393,372.48,8.135,15.482,2.972,1
6.722,103.039,216.094,2.883,373.285,511.209,9.253,43.567,2.89,1
8.422,171.582,124.601,1.649,216.021,483.402,4.854,24.662,1.895,1
7.926,164.965,292.895,2.915,268.264,315.823,8.207,46.161,1.887,1
6.696,103.065,183.79,2.308,243.267,301.855,4.29,26.681,2.57,1
6.048,18.802,384.742,7.181,59.297,801.244,10.073,99.045,5.893,0
4.192,82.261,420.862,5.346,45.985,1158.403,13.097,100.031,5.426,0
7.732,142.549,233.715,2.433,270.621,461.262,2.585,13.389,2.506,1
3.779,68.813,313.17,7.123,0.119,976.052,24.736,84.105,7.868,0
8.408,177.66,106.934,1.858,279.187,426.221,2.759,45.279,2.355,1
6.925,103.943,127.849,1.706,238.687,490.597,6.015,9.576,1.442,1
7.892,164.358,126.298,2.323,235.431,435.847,9.467,49.467,1.597,1
3.574,19.187,488.867,3.792,39.528,760.886,20.67,116.802,5.092,0
6.855,113.087,220.215,2.115,209.739,590.091,7.941,48.794,1.666,1
8.326,103.962,230.445,2.071,295.483,534.014,6.395,1.172,2.178,1
7.142,183.213,226.828,2.854,248.06,362.729,5.259,42.987,1.105,1
3.045,37.217,417.737,5.705,190.174,850.43,28.295,106.832,5.867,0
3.925,61.023,465.812,6.787,67.987,875.738,14.799,77.401,4.702,0
5.018,12.771,587.04,5.488,134.867,615.965,27.972,101.457,5.201,0
3.186,62.466,302.712,7.121,176.75,1157.258,27.19,140.594,5.885,0
7.669,132.459,192.535,2.166,242.021,507.876,3.559,20.182,2.441,1
4.136,18.61,431.298,7.179,194.479,987.09,13.883,70.034,6.774,0
5.328,38.02,360.142,7.497,98.752,786.141,11.695,105.682,3.767,0
4.538,60.188,498.73,7.061,147.154,884.72,11.78,91.347,5.054,0
7.24,184.478,299.088,2.393,290.837,572.979,7.924,26.597,1.823,1
4.334,66.755,369.715,5.914,50.982,1018.013,23.94,141.987,7.595,0
3.531,54.224,442.901,5.154,127.916,754.98,18.694,104.36,3.563,0
3.464,78.053,315.068,3.379,175.071,758.131,13.676,61.339,6.281,0
4.943,92.276,337.311,7.653,27.712,900.372,17.453,124.722,4.578,0
6.984,170.817,232.997,2.579,340.122,382.67,3.165,30.254,1.73,1
3.856,46.148,594.358,3.153,110.554,957.626,20.063,137.92,4.544,0
4.636,54.953,531.876,4.401,195.565,775.349,15.894,77.726,5.867,0
8.486,166.759,273.994,2.606,296.761,422.755,9.397,24.858,2.41,1
3.877,97.561,550.644,3.715,49.51,896.622,14.664,102.988,7.041,0
5.086,81.299,318.737,4.743,34.707,679.971,11.047,133.693,3.928,0
6.59,147.988,230.195,1.151,377.983,467.451,8.774,44.981,1.961,1
7.555,132.703,206.677,2.676,333.844,302.948,7.712,19.913,2.747,1
5.394,35.342,538.355,4.602,143.311,804.577,14.803,123.552,3.853,0
3.124,75.504,366.256,4.838,29.058,686.326,22.559,91.052,4.071,0
4.848,25.981,344.089,5.115,7.753,1187.973,11.481,124.164,3.519,0
8.202,111.731,233.84,2.211,267.861,509.15,4.7,13.264,1.021,1
6.779,129.735,212.034,1.866,248.106,430.619,8.826,40.84,2.684,1
8.425,181.73,240.452,1.017,375.027,588.618,4.156,18.129,2.21,1
6.738,165.889,180.356,2.297,309.718,586.4,4.778,12.855,1.66,1
7.236,182.582,230.23,1.888,302.892,484.987,3.238,36.494,2.926,1
8.097,124.205,248.719,2.687,280.292,349.855,4.045,15.073,2.019,1
4.303,93.311,508.379,7.355,149.044,973.528,17.196,102.981,4.613,0
8.294,158.217,281.439,2.828,374.572,510.243,7.142,24.32,1.79,1
8.107,132.519,216.44,2.758,311.575,453.328,7.028,16.271,1.983,1
5.504,77.465,593.192,7.852,108.382,653.038,25.994,60.699,7.207,0
7.647,105.709,105.507,1.721,328.364,315.497,5.168,41.257,1.904,1
7.74,137.325,140.645,2.214,338.991,525.539,4.391,19.865,1.27,1
7.368,172.717,170.954,1.313,365.268,348.434,8.596,24.466,1.936,1
5.792,39.448,503.886,3.671,68.77,1147.325,16.565,121.902,3.851,0
8.09,133.945,122.768,1.739,365.731,566.227,6.208,39.465,1.837,1
6.354,51.568,564.047,5.556,120.258,663.39,18.837,112.146,5.06,0
7.335,172.342,132.447,2.61,254.391,467.765,5.008,14.133,2.557,1
3.807,49.696,503.344,3.271,164.913,947.254,24.929,100.036,5.49,0
3.921,21.351,583.937,3.991,26.321,742.032,11.658,53.199,3.67,0
6.716,135.013,179.194,1.867,205.57,311.977,8.995,44.487,2.17,1
6.689,185.439,238.499,1.529,210.23,429.542,9.484,4.975,1.794,1
7.775,116.703,231.356,1.031,321.199,318.584,3.648,30.929,2.459,1
6.613,121.568,197.78,2.394,283.164,592.937,2.329,11.26,2.914,1
7.212,155.536,151.521,2.241,256.067,377.638,2.301,10.762,2.489,1
7.924,169.368,245.334,1.459,327.555,418.127,8.183,7.373,1.759,1
7.071,197.717,179.028,1.91,226.602,533.318,6.305,41.831,1.874,1
8.292,195.565,201.041,1.495,305.094,577.393,2.909,6.124,2.258,1
5.97,33.3,394.881,4.9,49.459,852.781,12.037,74.528,4.165,0
7.724,169.742,292.679,1.572,282.261,500.078,5.344,27.535,1.996,1
4.811,96.582,456.389,6.096,49.745,776.89,21.424,149.668,7.64,0
6.897,123.361,203.877,2.22,335.297,522.199,4.441,21.622,1.83,1
7.321,139.624,271.436,2.447,393.061,410.039,5.944,1.41,1.397,1
8.119,169.498,120.845,1.507,329.753,357.803,4.8,16.036,1.685,1
5.637,77.645,560.031,7.092,124.461,873.237,11.438,55.533,5.529,0
7.902,102.997,177.896,1.778,256.12,521.874,6.497,44.837,1.493,1
7.129,188.379,131.591,2.829,309.629,471.272,4.554,47.951,1.778,1
